{"_id":{"$oid":"5e9400de036e441a6894ff1a"},"name":"iPhone","created_at":{"$date":"2020-04-13T06:04:14.809Z"},"updated_at":{"$date":"2020-04-13T06:04:14.809Z"},"__v":0,"description":"description of phone","page_id":1}
{"_id":{"$oid":"5e9433c3e2c75b26346587a6"},"name":"Samsung","description":"this is the description of PC category","created_at":{"$date":"2020-04-13T09:41:23.194Z"},"updated_at":{"$date":"2020-04-13T09:41:23.194Z"},"__v":0,"page_id":1}
{"_id":{"$oid":"5e9585eeda33cc277807dd4c"},"name":"Xiaomi","description":"test","created_at":{"$date":"2020-04-14T09:44:14.531Z"},"updated_at":{"$date":"2020-04-14T09:44:14.531Z"},"__v":0,"page_id":1}
{"_id":{"$oid":"5e9f2286593f423bccfc1ee0"},"page_id":1,"name":"Sony","description":"Sony phone","created_at":{"$date":"2020-04-21T16:42:46.816Z"},"updated_at":{"$date":"2020-04-21T16:42:46.816Z"},"__v":0}
{"_id":{"$oid":"5e9f236925ab6732f8e0912b"},"page_id":2,"name":"iPhone 11 Pro Max","description":"iPhone 11 Pro Max","created_at":{"$date":"2020-04-21T16:46:33.939Z"},"updated_at":{"$date":"2020-04-21T16:46:33.939Z"},"__v":0}
{"_id":{"$oid":"5e9f237c25ab6732f8e0912c"},"page_id":2,"name":"iPhone 11 Pro","description":"iPhone 11 Pro","created_at":{"$date":"2020-04-21T16:46:52.41Z"},"updated_at":{"$date":"2020-04-21T16:46:52.41Z"},"__v":0}
{"_id":{"$oid":"5e9f239b25ab6732f8e0912d"},"page_id":3,"name":"iPad Pro 2020","description":"iPad Pro 2020","created_at":{"$date":"2020-04-21T16:47:23.837Z"},"updated_at":{"$date":"2020-04-21T16:47:23.837Z"},"__v":0}
{"_id":{"$oid":"5e9f23ad25ab6732f8e0912e"},"page_id":3,"name":"iPad Pro 11","description":"iPad Pro 11","created_at":{"$date":"2020-04-21T16:47:41.759Z"},"updated_at":{"$date":"2020-04-21T16:47:41.759Z"},"__v":0}
{"_id":{"$oid":"5e9f23c925ab6732f8e0912f"},"page_id":3,"name":"iPad Mini 4","description":"iPad Mini 4","created_at":{"$date":"2020-04-21T16:48:09.084Z"},"updated_at":{"$date":"2020-04-21T16:48:09.084Z"},"__v":0}
{"_id":{"$oid":"5ea5ba889768443048efe15b"},"page_id":4,"name":"Apple Watch 3","description":"Apple Watch 3","created_at":{"$date":"2020-04-26T16:44:56.999Z"},"updated_at":{"$date":"2020-04-26T16:44:56.999Z"},"__v":0}
{"_id":{"$oid":"5ea5ba949768443048efe15c"},"page_id":4,"name":"Apple Watch 4","description":"Apple Watch 4","created_at":{"$date":"2020-04-26T16:45:08.149Z"},"updated_at":{"$date":"2020-04-26T16:45:08.149Z"},"__v":0}
