{"_id":{"$oid":"5ea5cb68a2f4a30b7077d95e"},"product":[{"category_id":["5e9f23ad25ab6732f8e0912e"],"img":"uploads/imgs/1582873184295_iphoneX.jpg","groupId":1,"_id":"5e58b7d4a152c21e903da170","supplier_id":[],"name":"oppo","price":50,"sale":5,"qty":3,"content":"Samsung Galaxy S20 Plus là máy mới 100% nguyên seal, bảo hành chính hãng 12 tháng Samsung Việt Nam. Siêu phẩm 2020 với con chip mạnh nhất, camera 4 ống kính, pin khủng 4500 mAhl. \nGiá luôn rẻ hơn thị trường, có bán trả góp và Ship COD.","created_at":"2020-02-28T06:48:52.074Z","updated_at":"2020-02-28T06:48:52.074Z","__v":0,"amount":1,"sum":50},{"category_id":["5e9400de036e441a6894ff1a"],"img":"uploads/imgs/1582872556626_iphone8.jpg","groupId":1,"_id":"5e58b7eca152c21e903da171","supplier_id":[],"name":"iphone 8","price":120,"sale":12,"qty":3,"created_at":"2020-02-28T06:49:16.635Z","updated_at":"2020-02-28T06:49:16.635Z","__v":0,"content":"Samsung Galaxy S20 Plus là máy mới 100% nguyên seal, bảo hành chính hãng 12 tháng Samsung Việt Nam. Siêu phẩm 2020 với con chip mạnh nhất, camera 4 ống kính, pin khủng 4500 mAhl. \nGiá luôn rẻ hơn thị trường, có bán trả góp và Ship COD.","amount":1,"sum":120},{"category_id":["5e9f236925ab6732f8e0912b"],"img":"uploads/imgs/1587921084634_256gb-my-bac.jpg","groupId":1,"_id":"5ea5c0bcaf20183a2ca4aea1","name":"Iphone 11 Pro Max","price":1000,"sale":50,"qty":6,"created_at":"2020-04-26T17:11:24.649Z","updated_at":"2020-04-26T17:11:24.649Z","__v":0,"amount":1,"sum":1000}],"idUser":{"$oid":"5af08965dcb7bb10f83ad8c8"},"username":"admin@gmail.com","create_date":{"$date":"2020-04-26T17:56:56.895Z"},"__v":0}
{"_id":{"$oid":"5ea5d345d71fbb1888b9ddcb"},"product":[{"category_id":["5e9f239b25ab6732f8e0912d"],"img":"uploads/imgs/1587921515896_ipad-mini-2-xam.jpg","groupId":1,"_id":"5ea5c26baf20183a2ca4aead","name":"ipad 2020 A","price":520,"sale":20,"qty":6,"content":"ipad 2020 A","created_at":"2020-04-26T17:18:35.917Z","updated_at":"2020-04-26T17:18:35.917Z","__v":0,"amount":1,"sum":520},{"category_id":["5e9f23ad25ab6732f8e0912e"],"img":"uploads/imgs/1587921573512_ipad-pro-10.5-hinh-thumb-xam.jpg","groupId":1,"_id":"5ea5c2a5af20183a2ca4aeaf","name":"iPad Pro","price":600,"sale":50,"qty":6,"content":"iPad Pro","created_at":"2020-04-26T17:19:33.536Z","updated_at":"2020-04-26T17:19:33.536Z","__v":0,"amount":1,"sum":600}],"idUser":{"$oid":"5af08965dcb7bb10f83ad8c8"},"username":"admin@gmail.com","create_date":{"$date":"2020-04-26T18:30:29.803Z"},"__v":0}
{"_id":{"$oid":"5ea5f1f8a9a4c517b84ef1ab"},"product":[{"category_id":["5e9f23ad25ab6732f8e0912e"],"img":"uploads/imgs/1582873184295_iphoneX.jpg","groupId":1,"_id":"5e58b7d4a152c21e903da170","supplier_id":[],"name":"oppo","price":50,"sale":5,"qty":3,"content":"Samsung Galaxy S20 Plus là máy mới 100% nguyên seal, bảo hành chính hãng 12 tháng Samsung Việt Nam. Siêu phẩm 2020 với con chip mạnh nhất, camera 4 ống kính, pin khủng 4500 mAhl. \nGiá luôn rẻ hơn thị trường, có bán trả góp và Ship COD.","created_at":"2020-02-28T06:48:52.074Z","updated_at":"2020-02-28T06:48:52.074Z","__v":0,"amount":1,"sum":50},{"category_id":["5e9433c3e2c75b26346587a6"],"img":"uploads/imgs/1582872515686_samsung.jpg","groupId":1,"_id":"5e58b7c3a152c21e903da16f","supplier_id":[],"name":"samsung","price":80,"sale":5,"qty":3,"content":"Samsung Galaxy S20 Plus là máy mới 100% nguyên seal, bảo hành chính hãng 12 tháng Samsung Việt Nam. Siêu phẩm 2020 với con chip mạnh nhất, camera 4 ống kính, pin khủng 4500 mAhl. \nGiá luôn rẻ hơn thị trường, có bán trả góp và Ship COD.","created_at":"2020-02-28T06:48:35.694Z","updated_at":"2020-02-28T06:48:35.694Z","__v":0,"amount":1,"sum":80},{"category_id":["5e9f236925ab6732f8e0912b"],"img":"uploads/imgs/1582872495347_iphoneX.jpg","groupId":1,"_id":"5e58b7afa152c21e903da16e","supplier_id":[],"name":"iphoneX","price":200,"sale":6,"qty":3,"content":"Samsung Galaxy S20 Plus là máy mới 100% nguyên seal, bảo hành chính hãng 12 tháng Samsung Việt Nam. Siêu phẩm 2020 với con chip mạnh nhất, camera 4 ống kính, pin khủng 4500 mAhl. \nGiá luôn rẻ hơn thị trường, có bán trả góp và Ship COD.","created_at":"2020-02-28T06:48:15.357Z","updated_at":"2020-02-28T06:48:15.357Z","__v":0,"amount":1,"sum":200}],"idUser":{"$oid":"5e9601401a11e842d0b18df6"},"username":"user@gmail.com","phone":"012346578","address":"This is an address","create_date":{"$date":"2020-04-26T20:41:28.952Z"},"__v":0}
{"_id":{"$oid":"5ea5f9cf216a850520c17df5"},"status":1,"product":[{"category_id":["5e9433c3e2c75b26346587a6"],"img":"uploads/imgs/1582872515686_samsung.jpg","groupId":1,"_id":"5e58b7c3a152c21e903da16f","supplier_id":[],"name":"samsung","price":80,"sale":5,"qty":3,"content":"Samsung Galaxy S20 Plus là máy mới 100% nguyên seal, bảo hành chính hãng 12 tháng Samsung Việt Nam. Siêu phẩm 2020 với con chip mạnh nhất, camera 4 ống kính, pin khủng 4500 mAhl. \nGiá luôn rẻ hơn thị trường, có bán trả góp và Ship COD.","created_at":"2020-02-28T06:48:35.694Z","updated_at":"2020-02-28T06:48:35.694Z","__v":0,"amount":1,"sum":80}],"idUser":{"$oid":"5af08965dcb7bb10f83ad8c8"},"username":"admin@gmail.com","create_date":{"$date":"2020-04-26T21:14:55.363Z"},"__v":0}
