{"_id":{"$oid":"5e58b5cbe072b93b706703c5"},"category_id":[{"$oid":"5e9433c3e2c75b26346587a6"}],"supplier_id":[],"img":"uploads/imgs/1582877224703_huawei.jpg","groupId":1,"name":"huawei","price":12,"sale":1,"qty":1,"created_at":{"$date":"2020-02-28T06:40:11.897Z"},"updated_at":{"$date":"2020-02-28T06:40:11.897Z"},"__v":0,"content":"Samsung Galaxy S20 Plus là máy mới 100% nguyên seal, bảo hành chính hãng 12 tháng Samsung Việt Nam. Siêu phẩm 2020 với con chip mạnh nhất, camera 4 ống kính, pin khủng 4500 mAhl. \nGiá luôn rẻ hơn thị trường, có bán trả góp và Ship COD."}
{"_id":{"$oid":"5e58b7afa152c21e903da16e"},"category_id":[{"$oid":"5e9f236925ab6732f8e0912b"}],"supplier_id":[],"img":"uploads/imgs/1582872495347_iphoneX.jpg","groupId":1,"name":"iphoneX","price":200,"sale":6,"qty":3,"content":"Samsung Galaxy S20 Plus là máy mới 100% nguyên seal, bảo hành chính hãng 12 tháng Samsung Việt Nam. Siêu phẩm 2020 với con chip mạnh nhất, camera 4 ống kính, pin khủng 4500 mAhl. \nGiá luôn rẻ hơn thị trường, có bán trả góp và Ship COD.","created_at":{"$date":"2020-02-28T06:48:15.357Z"},"updated_at":{"$date":"2020-02-28T06:48:15.357Z"},"__v":0}
{"_id":{"$oid":"5e58b7c3a152c21e903da16f"},"category_id":[{"$oid":"5e9433c3e2c75b26346587a6"}],"supplier_id":[],"img":"uploads/imgs/1582872515686_samsung.jpg","groupId":1,"name":"samsung","price":80,"sale":5,"qty":3,"content":"Samsung Galaxy S20 Plus là máy mới 100% nguyên seal, bảo hành chính hãng 12 tháng Samsung Việt Nam. Siêu phẩm 2020 với con chip mạnh nhất, camera 4 ống kính, pin khủng 4500 mAhl. \nGiá luôn rẻ hơn thị trường, có bán trả góp và Ship COD.","created_at":{"$date":"2020-02-28T06:48:35.694Z"},"updated_at":{"$date":"2020-02-28T06:48:35.694Z"},"__v":0}
{"_id":{"$oid":"5e58b7d4a152c21e903da170"},"category_id":[{"$oid":"5e9f23ad25ab6732f8e0912e"}],"supplier_id":[],"img":"uploads/imgs/1582873184295_iphoneX.jpg","groupId":1,"name":"oppo","price":50,"sale":5,"qty":3,"content":"Samsung Galaxy S20 Plus là máy mới 100% nguyên seal, bảo hành chính hãng 12 tháng Samsung Việt Nam. Siêu phẩm 2020 với con chip mạnh nhất, camera 4 ống kính, pin khủng 4500 mAhl. \nGiá luôn rẻ hơn thị trường, có bán trả góp và Ship COD.","created_at":{"$date":"2020-02-28T06:48:52.074Z"},"updated_at":{"$date":"2020-02-28T06:48:52.074Z"},"__v":0}
{"_id":{"$oid":"5e58b7eca152c21e903da171"},"category_id":[{"$oid":"5e9400de036e441a6894ff1a"}],"supplier_id":[],"img":"uploads/imgs/1582872556626_iphone8.jpg","groupId":1,"name":"iphone 8","price":120,"sale":12,"qty":3,"created_at":{"$date":"2020-02-28T06:49:16.635Z"},"updated_at":{"$date":"2020-02-28T06:49:16.635Z"},"__v":0,"content":"Samsung Galaxy S20 Plus là máy mới 100% nguyên seal, bảo hành chính hãng 12 tháng Samsung Việt Nam. Siêu phẩm 2020 với con chip mạnh nhất, camera 4 ống kính, pin khủng 4500 mAhl. \nGiá luôn rẻ hơn thị trường, có bán trả góp và Ship COD."}
{"_id":{"$oid":"5e58b81fa152c21e903da172"},"category_id":[{"$oid":"5e9585eeda33cc277807dd4c"}],"supplier_id":[],"img":"uploads/imgs/1582872607883_lgjpg.jpg","groupId":1,"name":"LG","price":120,"sale":5,"qty":3,"content":"Samsung Galaxy S20 Plus là máy mới 100% nguyên seal, bảo hành chính hãng 12 tháng Samsung Việt Nam. Siêu phẩm 2020 với con chip mạnh nhất, camera 4 ống kính, pin khủng 4500 mAhl. \nGiá luôn rẻ hơn thị trường, có bán trả góp và Ship COD.","created_at":{"$date":"2020-02-28T06:50:07.892Z"},"updated_at":{"$date":"2020-02-28T06:50:07.892Z"},"__v":0}
{"_id":{"$oid":"5e58b831a152c21e903da173"},"category_id":[],"supplier_id":[],"img":"uploads/imgs/1582872625498_xiaomi.jpg","groupId":1,"name":"xiaomi","price":60,"sale":3,"qty":3,"created_at":{"$date":"2020-02-28T06:50:25.507Z"},"updated_at":{"$date":"2020-02-28T06:50:25.507Z"},"__v":0,"content":"Samsung Galaxy S20 Plus là máy mới 100% nguyên seal, bảo hành chính hãng 12 tháng Samsung Việt Nam. Siêu phẩm 2020 với con chip mạnh nhất, camera 4 ống kính, pin khủng 4500 mAhl. \nGiá luôn rẻ hơn thị trường, có bán trả góp và Ship COD."}
{"_id":{"$oid":"5e58ba60a152c21e903da174"},"category_id":[{"$oid":"5e9f236925ab6732f8e0912b"}],"supplier_id":[],"img":"uploads/imgs/1582873184295_iphoneX.jpg","groupId":1,"name":"XS","price":150,"sale":50,"qty":1,"content":"Samsung Galaxy S20 Plus là máy mới 100% nguyên seal, bảo hành chính hãng 12 tháng Samsung Việt Nam. Siêu phẩm 2020 với con chip mạnh nhất, camera 4 ống kính, pin khủng 4500 mAhl. \nGiá luôn rẻ hơn thị trường, có bán trả góp và Ship COD.","created_at":{"$date":"2020-02-28T06:59:44.317Z"},"updated_at":{"$date":"2020-02-28T06:59:44.317Z"},"__v":0}
{"_id":{"$oid":"5e58caa7cd969b4154dfd058"},"category_id":[{"$oid":"5e9f2286593f423bccfc1ee0"}],"supplier_id":[],"img":"uploads/imgs/1582877351381_nokiax71.jpg","groupId":1,"name":"nokia","price":15,"sale":10,"qty":3,"content":"Samsung Galaxy S20 Plus là máy mới 100% nguyên seal, bảo hành chính hãng 12 tháng Samsung Việt Nam. Siêu phẩm 2020 với con chip mạnh nhất, camera 4 ống kính, pin khủng 4500 mAhl. \nGiá luôn rẻ hơn thị trường, có bán trả góp và Ship COD.","created_at":{"$date":"2020-02-28T08:09:11.392Z"},"updated_at":{"$date":"2020-02-28T08:09:11.392Z"},"__v":0}
{"_id":{"$oid":"5ea5c0bcaf20183a2ca4aea1"},"category_id":[{"$oid":"5e9f236925ab6732f8e0912b"}],"img":"uploads/imgs/1587921084634_256gb-my-bac.jpg","groupId":1,"name":"Iphone 11 Pro Max","price":1000,"sale":50,"qty":6,"created_at":{"$date":"2020-04-26T17:11:24.649Z"},"updated_at":{"$date":"2020-04-26T17:11:24.649Z"},"__v":0}
{"_id":{"$oid":"5ea5c0dbaf20183a2ca4aea2"},"category_id":[{"$oid":"5e9585eeda33cc277807dd4c"}],"img":"uploads/imgs/1587921115802_1582872625498_xiaomi11.jpg","groupId":1,"name":"Xiao Mi","price":500,"sale":50,"qty":10,"created_at":{"$date":"2020-04-26T17:11:55.811Z"},"updated_at":{"$date":"2020-04-26T17:11:55.811Z"},"__v":0}
{"_id":{"$oid":"5ea5c119af20183a2ca4aea3"},"category_id":[{"$oid":"5ea5ba889768443048efe15b"}],"img":"uploads/imgs/1587921177880_apple-watch-series-3-day-xam-thumb_j9pd-zx.jpg","groupId":1,"name":"Apple Watch 3 Xám","price":200,"sale":6,"qty":10,"created_at":{"$date":"2020-04-26T17:12:57.898Z"},"updated_at":{"$date":"2020-04-26T17:12:57.898Z"},"__v":0}
{"_id":{"$oid":"5ea5c13caf20183a2ca4aea4"},"category_id":[{"$oid":"5ea5ba889768443048efe15b"}],"img":"uploads/imgs/1587921212734_apple-watch-series-3-gps-thumb-den_7tlc-xm.jpg","groupId":1,"name":"Apple Watch 3 đen","price":500,"sale":20,"qty":6,"created_at":{"$date":"2020-04-26T17:13:32.751Z"},"updated_at":{"$date":"2020-04-26T17:13:32.751Z"},"__v":0}
{"_id":{"$oid":"5ea5c15baf20183a2ca4aea5"},"category_id":[{"$oid":"5ea5ba889768443048efe15b"}],"img":"uploads/imgs/1587921243074_apple-watch-series-3-lte-38mm-thumb-hong.jpg","groupId":1,"name":"Apple Watch 3 LTE","price":200,"sale":50,"qty":10,"created_at":{"$date":"2020-04-26T17:14:03.091Z"},"updated_at":{"$date":"2020-04-26T17:14:03.091Z"},"__v":0}
{"_id":{"$oid":"5ea5c18aaf20183a2ca4aea6"},"category_id":[{"$oid":"5ea5ba889768443048efe15b"}],"img":"uploads/imgs/1587921290279_apple-watch-series-3-thumb-den.jpg","groupId":1,"name":"Apple Watch 3 B","price":100,"sale":50,"content":"Apple Watch 3 B","qty":20,"created_at":{"$date":"2020-04-26T17:14:50.295Z"},"updated_at":{"$date":"2020-04-26T17:14:50.295Z"},"__v":0}
{"_id":{"$oid":"5ea5c1acaf20183a2ca4aea7"},"category_id":[{"$oid":"5ea5ba949768443048efe15c"}],"img":"uploads/imgs/1587921324818_apple-watch-series-4-gps-44mm-thumb-den.jpg","groupId":1,"name":"Apple Watch 4 A","content":"Apple Watch 4 A","qty":5,"sale":5,"price":200,"created_at":{"$date":"2020-04-26T17:15:24.829Z"},"updated_at":{"$date":"2020-04-26T17:15:24.829Z"},"__v":0}
{"_id":{"$oid":"5ea5c1bcaf20183a2ca4aea8"},"category_id":[{"$oid":"5ea5ba949768443048efe15c"}],"img":"uploads/imgs/1587921340765_apple-watch-series-4-lte-44mm-thumb-den.jpg","groupId":1,"name":"Apple Watch 4 B","price":200,"sale":20,"qty":5,"content":"Apple Watch 4 A","created_at":{"$date":"2020-04-26T17:15:40.776Z"},"updated_at":{"$date":"2020-04-26T17:15:40.776Z"},"__v":0}
{"_id":{"$oid":"5ea5c1e4af20183a2ca4aea9"},"category_id":[{"$oid":"5e9f237c25ab6732f8e0912c"}],"img":"uploads/imgs/1587921380512_bac_jt21-nh.jpg","groupId":1,"name":"iPhone 8","price":200,"sale":2,"qty":2,"content":"iPhone 8","created_at":{"$date":"2020-04-26T17:16:20.529Z"},"updated_at":{"$date":"2020-04-26T17:16:20.529Z"},"__v":0}
{"_id":{"$oid":"5ea5c216af20183a2ca4aeaa"},"category_id":[{"$oid":"5e9400de036e441a6894ff1a"}],"img":"uploads/imgs/1587921430329_den-bong_4fo0-lu.jpg","groupId":1,"name":"iPhone 8 plus","price":200,"sale":6,"qty":6,"content":"iPhone 8 plus","created_at":{"$date":"2020-04-26T17:17:10.357Z"},"updated_at":{"$date":"2020-04-26T17:17:10.357Z"},"__v":0}
{"_id":{"$oid":"5ea5c235af20183a2ca4aeab"},"category_id":[{"$oid":"5e9f23ad25ab6732f8e0912e"}],"img":"uploads/imgs/1587921461945_ipad-air-2-xam.jpg","groupId":1,"name":"Ipad Pro 11","price":200,"sale":2,"qty":3,"created_at":{"$date":"2020-04-26T17:17:41.967Z"},"updated_at":{"$date":"2020-04-26T17:17:41.967Z"},"__v":0}
{"_id":{"$oid":"5ea5c24baf20183a2ca4aeac"},"category_id":[{"$oid":"5e9f239b25ab6732f8e0912d"}],"img":"uploads/imgs/1587921483658_ipad-air-xam.jpg","groupId":1,"name":"iPad 2020","price":500,"sale":20,"qty":6,"created_at":{"$date":"2020-04-26T17:18:03.678Z"},"updated_at":{"$date":"2020-04-26T17:18:03.678Z"},"__v":0}
{"_id":{"$oid":"5ea5c26baf20183a2ca4aead"},"category_id":[{"$oid":"5e9f239b25ab6732f8e0912d"}],"img":"uploads/imgs/1587921515896_ipad-mini-2-xam.jpg","groupId":1,"name":"ipad 2020 A","price":520,"sale":20,"qty":6,"content":"ipad 2020 A","created_at":{"$date":"2020-04-26T17:18:35.917Z"},"updated_at":{"$date":"2020-04-26T17:18:35.917Z"},"__v":0}
{"_id":{"$oid":"5ea5c28eaf20183a2ca4aeae"},"category_id":[{"$oid":"5e9f23c925ab6732f8e0912f"}],"img":"uploads/imgs/1587921550605_ipad-air-2-bac.jpg","groupId":1,"price":100,"sale":20,"qty":6,"name":"iPad mini 4","content":"iPad mini 4","created_at":{"$date":"2020-04-26T17:19:10.624Z"},"updated_at":{"$date":"2020-04-26T17:19:10.624Z"},"__v":0}
{"_id":{"$oid":"5ea5c2a5af20183a2ca4aeaf"},"category_id":[{"$oid":"5e9f23ad25ab6732f8e0912e"}],"img":"uploads/imgs/1587921573512_ipad-pro-10.5-hinh-thumb-xam.jpg","groupId":1,"name":"iPad Pro","price":600,"sale":50,"qty":6,"content":"iPad Pro","created_at":{"$date":"2020-04-26T17:19:33.536Z"},"updated_at":{"$date":"2020-04-26T17:19:33.536Z"},"__v":0}
{"_id":{"$oid":"5ea5c2d7af20183a2ca4aeb0"},"category_id":[{"$oid":"5e9f237c25ab6732f8e0912c"}],"img":"uploads/imgs/1587921623082_hong.jpg","groupId":1,"name":"iphone 11","price":600,"sale":50,"qty":6,"content":"iphone 11","created_at":{"$date":"2020-04-26T17:20:23.102Z"},"updated_at":{"$date":"2020-04-26T17:20:23.102Z"},"__v":0}
{"_id":{"$oid":"5ea5c2fdaf20183a2ca4aeb1"},"category_id":[{"$oid":"5e9433c3e2c75b26346587a6"}],"img":"uploads/imgs/1587921661066_note-9-gold.jpg","groupId":1,"name":"Samsung Note 9","price":500,"sale":60,"qty":10,"content":"Samsung note 9","created_at":{"$date":"2020-04-26T17:21:01.09Z"},"updated_at":{"$date":"2020-04-26T17:21:01.09Z"},"__v":0}
{"_id":{"$oid":"5ea5c337af20183a2ca4aeb2"},"category_id":[{"$oid":"5e9433c3e2c75b26346587a6"}],"img":"uploads/imgs/1587921719483_samsung-galaxy-note-8-thumb-mau-den_w2bb-s5.jpg","groupId":1,"name":"Samsung note 8","price":500,"sale":50,"qty":10,"content":"Samsung note 8","created_at":{"$date":"2020-04-26T17:21:59.498Z"},"updated_at":{"$date":"2020-04-26T17:21:59.498Z"},"__v":0}
{"_id":{"$oid":"5ea5c354af20183a2ca4aeb3"},"category_id":[{"$oid":"5e9f2286593f423bccfc1ee0"}],"img":"uploads/imgs/1587921748868_lg-v40-thinq-cu.jpg","groupId":1,"name":"Sony A","price":300,"sale":50,"qty":1,"content":"Sony A","created_at":{"$date":"2020-04-26T17:22:28.885Z"},"updated_at":{"$date":"2020-04-26T17:22:28.885Z"},"__v":0}
{"_id":{"$oid":"5ea5c37daf20183a2ca4aeb4"},"category_id":[{"$oid":"5e9585eeda33cc277807dd4c"}],"img":"uploads/imgs/1587921789925_xiaomi-mi-6x-duchuymobile.png","groupId":1,"name":"Xiaomi 6","price":200,"sale":20,"qty":6,"created_at":{"$date":"2020-04-26T17:23:09.935Z"},"updated_at":{"$date":"2020-04-26T17:23:09.935Z"},"__v":0}
{"_id":{"$oid":"5ea5c39aaf20183a2ca4aeb5"},"category_id":[{"$oid":"5e9585eeda33cc277807dd4c"}],"img":"uploads/imgs/1587921818351_xiaomi-mi-max-3.jpg","groupId":1,"name":"Xiaomi 8","price":220,"sale":50,"qty":2,"content":"Xiaomi 8","created_at":{"$date":"2020-04-26T17:23:38.361Z"},"updated_at":{"$date":"2020-04-26T17:23:38.361Z"},"__v":0}
